,Lesson(s) Learned,Driving Event Level 1,Driving Event Level 2,Recommendation(s),document IDs for row,number of documents for row
0,accurate,productivity,bag purge,propulsion,[120],1
1,accurate,xenon tank,circuit breaker,velocity,[19101],1
2,apparent,productivity,bag purge,stress analysis,[1608],1
3,apparent,productivity,radiance,valve,[339],1
4,apparent,rover,tutorial text spie,data obtain,[312],1
5,apparent,xenon tank,fault protection,flight ground lander challenge axis,[304],1
6,apparent,xenon tank,variable polarity plasma arc,assumption make,"[27001, 717]",2
7,apparent,xenon tank,variable polarity plasma arc,nozzle,"[720, 718]",2
8,cable assembly,xenon tank,circuit breaker,access panel,[1716],1
9,cable assembly,xenon tank,vibroacoustic qualification,manufacture,"[1876, 881]",2
10,cleaning agent,productivity,bag purge,hazardous activity,[542],1
11,cleaning agent,productivity,bag purge,restraint,[238],1
12,cleaning agent,productivity,cleaning,redundancy management,[1621],1
13,cleaning agent,productivity,demates,assumption make,[1050],1
14,cleaning agent,productivity,demates,radiation,[1007],1
15,cleaning agent,productivity,hot gas,hazardous activity,[541],1
16,cleaning agent,productivity,pfr,outgassing,[303],1
17,cleaning agent,productivity,pfr,valve,[867],1
18,cleaning agent,productivity,radiance,redundancy,[130],1
19,cleaning agent,productivity,radiance,structural integrity,[545],1
20,cleaning agent,productivity,smooth,valve,[488],1
21,cleaning agent,xenon tank,fault protection,supervision,[227],1
22,cleaning agent,xenon tank,vibroacoustic qualification,assumption make,[1008],1
23,clearly identify,productivity,bag purge,assumption make,[1387],1
24,clearly identify,productivity,bag purge,fitting,[498],1
25,clearly identify,productivity,bag purge,spc,[112],1
26,clearly identify,productivity,bag purge,supervision,"[580, 491]",2
27,clearly identify,productivity,bag purge,supervisor,"[2696, 1578]",2
28,clearly identify,productivity,emittance,assumption make,[871],1
29,clearly identify,rcm,foreign object,assumption make,[1004],1
30,clearly identify,valve,nessus,subsystem,[577],1
31,closing,orbital replaceable,mishap,flight ground lander challenge axis,[901],1
32,closing,orbital replaceable,mishap,valve,[145],1
33,closing,productivity,bag purge,assumption make,"[1318, 861, 164, 95, 265]",5
34,closing,productivity,bag purge,coverage,[5996],1
35,closing,productivity,bag purge,emergency stop,[155],1
36,closing,productivity,bag purge,environmental,[73],1
37,closing,productivity,bag purge,fitting,[58],1
38,closing,productivity,bag purge,inspection criterion,[97],1
39,closing,productivity,bag purge,lift,[5897],1
40,closing,productivity,bag purge,soho,[884],1
41,closing,productivity,bag purge,spc,[29],1
42,closing,productivity,bag purge,supervision,"[5816, 531, 105, 99, 75]",5
43,closing,productivity,bag purge,supervisor,"[940, 450]",2
44,closing,productivity,bag purge,valve,[181],1
45,closing,productivity,demates,assumption make,[289],1
46,closing,productivity,disassembly inspection,assumption make,[509],1
47,closing,productivity,downlinks,assumption make,[765],1
48,closing,productivity,downlinks,redundancy,[78],1
49,closing,productivity,emittance,coverage,[57],1
50,closing,productivity,hot gas,supervisor,[173],1
51,closing,productivity,metal oxide semiconductor,assumption make,[2896],1
52,closing,productivity,mro,valve,[254],1
53,closing,productivity,pfr,nozzle,[954],1
54,closing,productivity,preventive,supervision,[68],1
55,closing,productivity,radiance,radiation,[359],1
56,closing,productivity,radiance,valve,[59],1
57,closing,rcm,foreign object,emergency stop,[101],1
58,closing,rcm,radiation hardness,supervision,[106],1
59,closing,rcm,radiation hardness,velocity,[204],1
60,closing,rover,smap,spc,[31],1
61,closing,xenon tank,circuit breaker,redundancy,[28],1
62,closing,xenon tank,fault protection,contamination,[380],1
63,closing,xenon tank,fault protection,failure investigation,[17],1
64,closing,xenon tank,fault protection,fire source,[348],1
65,closing,xenon tank,fault protection,redundancy,[65],1
66,closing,xenon tank,frequency mode shape,supervision,[193],1
67,closing,xenon tank,frequency mode shape,supervisor,[1577],1
68,closing,xenon tank,review formal review,coverage,[166],1
69,combustion gas,productivity,bag purge,environmental,[183],1
70,combustion gas,productivity,bag purge,inspection criterion,[119],1
71,combustion gas,productivity,bag purge,manifest,[61],1
72,combustion gas,productivity,cleaning,trade,[179],1
73,combustion gas,productivity,pfr,assumption make,[176],1
74,combustion gas,productivity,pfr,contamination,[152],1
75,combustion gas,productivity,pfr,nozzle,"[950, 951, 952, 949, 958, 959, 947, 948, 957, 946, 955, 956, 953, 759]",14
76,combustion gas,rover,smap,hardware configuration,[225],1
77,combustion gas,xenon tank,fault protection,battery design,[428],1
78,condition time,productivity,bag purge,lift,[1221],1
79,conform,orbital replaceable,pyro,assumption make,[451],1
80,conform,productivity,disassembly inspection,assumption make,[12901],1
81,conform,xenon tank,microscope objective,design manufacturing,[455],1
82,connector,productivity,pfr,manifest,[449],1
83,connector,productivity,pfr,supervision,[178],1
84,connector,productivity,preventive,flight ground lander challenge axis,[191],1
85,connector,xenon tank,circuit breaker,assumption make,"[6416, 69]",2
86,connector,xenon tank,circuit breaker,connector,"[472, 431]",2
87,connector,xenon tank,microscope objective,connector,"[316, 53, 386]",3
88,connector,xenon tank,microscope objective,expectation,[1241],1
89,connector,xenon tank,microscope objective,fitting,[70],1
90,connector,xenon tank,microscope objective,supervision,[302],1
91,connector,xenon tank,microscope objective,valve,[5],1
92,contamination,productivity,disassembly inspection,contamination,[357],1
93,contamination,productivity,downlinks,contamination,[642],1
94,contamination,productivity,indicator pressure gauge,fitting,[260],1
95,contamination,productivity,pfr,assumption make,[471],1
96,contamination,productivity,radiance,fitting,[305],1
97,contamination,rover,tutorial text spie,valve,[7],1
98,contamination,xenon tank,review formal review,design manufacturing,[234],1
99,contamination,xenon tank,vibroacoustic qualification,assumption make,"[536, 314]",2
100,corner,xenon tank,variable polarity plasma arc,supervisor,[1179],1
101,cot,productivity,bag purge,assumption make,[749],1
102,cot,xenon tank,frequency mode shape,assumption make,[540],1
103,critical facility,orbital replaceable,pyro,supervisor,"[1429, 1043]",2
104,critical facility,productivity,bag purge,assumption make,"[874, 190]",2
105,critical facility,productivity,bag purge,supervision,[499],1
106,critical facility,productivity,bag purge,supervisor,[44],1
107,critical facility,productivity,cleaning,emergency stop,[133],1
108,critical facility,productivity,cleaning,failure investigation,[291],1
109,critical facility,productivity,demates,extend mission,[583],1
110,critical facility,productivity,demates,redundancy,[993],1
111,critical facility,productivity,hot gas,assumption make,[1164],1
112,critical facility,productivity,metal oxide semiconductor,redundancy,[1756],1
113,critical facility,productivity,radiance,subsystem,[482],1
114,critical facility,productivity,spacecraft mass property,subsystem,[355],1
115,critical facility,rover,hill book,assumption make,[2216],1
116,critical facility,rover,tutorial text spie,corporate,[3356],1
117,critical facility,xenon tank,circuit breaker,flight ground lander challenge axis,[612],1
118,critical facility,xenon tank,emerge,hazardous activity,[1372],1
119,critical facility,xenon tank,fault protection,assumption make,[1864],1
120,critical facility,xenon tank,fault protection,short circuit,[598],1
121,critical facility,xenon tank,frequency mode shape,assumption make,[3762],1
122,critical facility,xenon tank,microscope objective,bend,[489],1
123,critical facility,xenon tank,microscope objective,subsystem,[770],1
124,critical facility,xenon tank,microscope objective,supervisor,[875],1
125,critical facility,xenon tank,variable polarity plasma arc,redundancy,[573],1
126,critical facility,xenon tank,vibroacoustic qualification,flight ground lander challenge axis,[325],1
127,dimension,productivity,bag purge,fitting,[1338],1
128,display,productivity,bag purge,assumption make,[1003],1
129,display,productivity,hot gas,assumption make,[1002],1
130,display,productivity,metal oxide semiconductor,flight ground lander challenge axis,[1124],1
131,display,productivity,preventive,assumption make,[1247],1
132,display,productivity,radiance,assumption make,[1049],1
133,display,rover,smap,assumption make,[1161],1
134,display,rover,tutorial text spie,flight ground lander challenge axis,[1129],1
135,earth orbit,productivity,demates,assumption make,[22101],1
136,earth orbit,productivity,disassembly inspection,valve,[2976],1
137,earth orbit,productivity,emittance,leader,[1373],1
138,earth orbit,productivity,pfr,manifest,[487],1
139,earth orbit,productivity,pfr,redundancy,[21],1
140,earth orbit,productivity,preventive,flight ground lander challenge axis,[1331],1
141,earth orbit,productivity,preventive,radiation,[1333],1
142,erratic,xenon tank,circuit breaker,flight ground lander challenge axis,[784],1
143,erratic,xenon tank,fault protection,environmental,[776],1
144,erratic,xenon tank,fault protection,subsystem,[774],1
145,event lead,provide adequate clearance,faraday cage,assumption make,[664],1
146,event lead,xenon tank,microscope objective,subsystem,[280],1
147,failure adhere proven,productivity,disassembly inspection,outgassing,[764],1
148,failure adhere proven,productivity,downlinks,contamination,"[807, 808]",2
149,failure adhere proven,productivity,pfr,assumption make,[803],1
150,failure adhere proven,productivity,pfr,valve,"[812, 701]",2
151,failure adhere proven,productivity,radiance,assumption make,[318],1
152,failure adhere proven,productivity,radiance,propulsion,[763],1
153,failure adhere proven,rcm,radiation hardness,computer,"[737, 721]",2
154,failure adhere proven,valve,arrhenius,assumption make,[692],1
155,failure adhere proven,valve,arrhenius,redundancy,[766],1
156,failure adhere proven,xenon tank,emerge,environmental,[672],1
157,failure adhere proven,xenon tank,fault protection,redundancy,[697],1
158,failure adhere proven,xenon tank,frequency mode shape,flight ground lander challenge axis,[893],1
159,failure adhere proven,xenon tank,microscope objective,assumption make,[714],1
160,failure adhere proven,xenon tank,microscope objective,contamination,[739],1
161,failure adhere proven,xenon tank,microscope objective,short circuit,[719],1
162,fatigue,productivity,bag purge,assumption make,[1187],1
163,fatigue,productivity,bag purge,emergency stop,"[141, 122]",2
164,fatigue,productivity,disassembly inspection,thread,[1230],1
165,fatigue,productivity,pfr,failure investigation,[613],1
166,fatigue,xenon tank,circuit breaker,assumption make,[730],1
167,fatigue,xenon tank,fault protection,radiation,[535],1
168,fatigue,xenon tank,fault protection,structural integrity,[429],1
169,ffar,productivity,bag purge,flight ground lander challenge axis,[258],1
170,ffar,productivity,metal oxide semiconductor,contamination,[344],1
171,ffar,productivity,metal oxide semiconductor,technician quality,[2],1
172,ffar,productivity,pfr,contamination,[211],1
173,ffar,productivity,radiance,supervision,[233],1
174,ffar,productivity,spacecraft mass property,flight ground lander challenge axis,[205],1
175,ffar,xenon tank,fault protection,assumption make,"[6956, 379]",2
176,ffar,xenon tank,fault protection,fire source,[408],1
177,ffar,xenon tank,fault protection,flight ground lander challenge axis,[282],1
178,ffar,xenon tank,frequency mode shape,fire source,[1412],1
179,ffar,xenon tank,frequency mode shape,horizontal,[552],1
180,ffar,xenon tank,microscope objective,flight ground lander challenge axis,[658],1
181,ffar,xenon tank,microscope objective,valve,[87],1
182,ffar,xenon tank,vibroacoustic qualification,thread,[301],1
183,fidelity,brazing,mcbride,manifest,[6696],1
184,fidelity,orbital replaceable,pyro,access panel,[539],1
185,fidelity,orbital replaceable,pyro,subsystem,[453],1
186,fidelity,productivity,demates,assumption make,[2536],1
187,fidelity,productivity,demates,extend mission,[288],1
188,fidelity,productivity,demates,manifest,[1268],1
189,fidelity,productivity,emittance,thread,[394],1
190,fidelity,productivity,hot gas,assumption make,[214],1
191,fidelity,productivity,metal oxide semiconductor,assumption make,"[1613, 1165]",2
192,fidelity,productivity,spacecraft mass property,assumption make,"[349, 368]",2
193,fidelity,productivity,spacecraft mass property,computer,[695],1
194,fidelity,rcm,radiation hardness,computer,[1223],1
195,fidelity,rover,tutorial text spie,flight ground lander challenge axis,[4],1
196,fidelity,xenon tank,fault protection,assumption make,[1180],1
197,fidelity,xenon tank,fault protection,flight ground lander challenge axis,[1197],1
198,fidelity,xenon tank,fault protection,subsystem,[390],1
199,fidelity,xenon tank,microscope objective,assumption make,[1618],1
200,fidelity,xenon tank,microscope objective,short circuit,[1410],1
201,fidelity,xenon tank,probability occurrence failure,contamination,[647],1
202,fidelity,xenon tank,probability occurrence failure,flight ground lander challenge axis,[1105],1
203,figure show,orbital replaceable,pyro,assumption make,[4019],1
204,figure show,orbital replaceable,pyro,environmental,[4020],1
205,figure show,xenon tank,vibroacoustic qualification,flight ground lander challenge axis,[709],1
206,flight critical parameter pilot,productivity,preventive,assumption make,[464],1
207,flight critical parameter pilot,productivity,radiance,assumption make,[361],1
208,flight critical parameter pilot,rover,tutorial text spie,altitude,[1714],1
209,flight critical parameter pilot,rover,tutorial text spie,supervision,[1710],1
210,frequency,productivity,disassembly inspection,access panel,[252],1
211,frequency,productivity,emittance,assumption make,[1798],1
212,frequency,productivity,pfr,assumption make,[643],1
213,frequency,productivity,pfr,manifest,[781],1
214,frequency,productivity,pfr,redundancy,[180],1
215,frequency,productivity,preventive,flight ground lander challenge axis,[1918],1
216,frequency,productivity,preventive,valve,[219],1
217,frequency,productivity,spacecraft mass property,contamination,[693],1
218,frequency,productivity,spacecraft mass property,outgassing,[283],1
219,frequency,provide adequate clearance,faraday cage,assumption make,[1359],1
220,frequency,rover,tutorial text spie,lift,[522],1
221,frequency,xenon tank,circuit breaker,manifest,[817],1
222,frequency,xenon tank,circuit breaker,subsystem,[785],1
223,frequency,xenon tank,emerge,interpret,[519],1
224,frequency,xenon tank,fault protection,assumption make,"[908, 561]",2
225,frequency,xenon tank,fault protection,flight ground lander challenge axis,[430],1
226,frequency,xenon tank,fault protection,subsystem,[281],1
227,frequency,xenon tank,review formal review,radiation,[27003],1
228,frequency,xenon tank,vibroacoustic qualification,inspection criterion,[50],1
229,gear box,productivity,bag purge,emergency stop,[74],1
230,gear box,productivity,preventive,thread,[615],1
231,gear box,rover,hill book,flight ground lander challenge axis,[2839],1
232,gear box,xenon tank,fault protection,supervisor,[1607],1
233,handle fixture,orbital replaceable,pyro,lift,[1339],1
234,handle fixture,productivity,bag purge,assumption make,[1309],1
235,handle fixture,productivity,bag purge,emergency stop,"[5796, 239, 143, 121, 46]",5
236,handle fixture,productivity,bag purge,inspection criterion,"[3197, 116]",2
237,handle fixture,productivity,bag purge,lift,"[5896, 246, 123, 236]",4
238,handle fixture,productivity,bag purge,valve,[159],1
239,handle fixture,productivity,cleaning,hardware configuration,[4999],1
240,handle fixture,productivity,hot gas,assumption make,[30],1
241,handle fixture,rover,hill book,contamination,[504],1
242,high voltage,orbital replaceable,mishap,assumption make,[100],1
243,high voltage,productivity,bag purge,radiation,[1603],1
244,high voltage,rover,tutorial text spie,valve,[1431],1
245,high voltage,xenon tank,circuit breaker,supervisor,[12101],1
246,high voltage,xenon tank,fault protection,assumption make,[436],1
247,high voltage,xenon tank,microscope objective,battery design,"[5336, 2046, 568, 557, 473]",5
248,high voltage,xenon tank,microscope objective,short circuit,[677],1
249,high voltage,xenon tank,microscope objective,stress analysis,[297],1
250,hole,brazing,mcbride,thread,[18701],1
251,hole,productivity,bag purge,thread,[323],1
252,hole,productivity,disassembly inspection,thread,[3259],1
253,hole,productivity,metal oxide semiconductor,failure investigation,[463],1
254,hole,productivity,metal oxide semiconductor,supervision,[306],1
255,hole,productivity,metal oxide semiconductor,thread,"[6937, 524]",2
256,hole,productivity,pfr,supervision,[15],1
257,hole,rover,smap,thread,[294],1
258,hole,rover,tutorial text spie,assumption make,[500],1
259,hole,xenon tank,circuit breaker,assumption make,[1525],1
260,hole,xenon tank,fault protection,thread,[437],1
261,hole,xenon tank,processing facility high bay,supervisor,[563],1
262,hole,xenon tank,vibroacoustic qualification,assumption make,[3220],1
263,injection,productivity,bag purge,corporate,[247],1
264,injection,productivity,bag purge,supervision,[935],1
265,injection,productivity,bag purge,valve,"[851, 146]",2
266,injection,productivity,demates,flight ground lander challenge axis,[28105],1
267,injection,productivity,demates,valve,[168],1
268,injection,productivity,emittance,supervision,[82],1
269,injury,application reliability prefer,corrective action system,valve,[138],1
270,injury,orbital replaceable,pyro,supervision,[81],1
271,injury,productivity,bag purge,assumption make,[32],1
272,injury,productivity,bag purge,bend,[140],1
273,injury,productivity,bag purge,emergency stop,[137],1
274,injury,productivity,bag purge,inspection criterion,[135],1
275,injury,productivity,bag purge,lift,[93],1
276,injury,productivity,bag purge,procedure cover,[125],1
277,injury,productivity,bag purge,soho,[107],1
278,injury,productivity,bag purge,supervisor,[86],1
279,injury,productivity,bag purge,valve,"[167, 142, 110, 127, 228]",5
280,injury,productivity,cleaning,valve,[36],1
281,injury,productivity,demates,assumption make,[872],1
282,injury,productivity,demates,spc,[40],1
283,injury,productivity,demates,valve,[550],1
284,injury,productivity,demates,waste container,[90],1
285,injury,productivity,downlinks,payload bay,[124],1
286,injury,productivity,electronic electrical equipment,valve,[37],1
287,injury,productivity,emittance,valve,"[134, 84]",2
288,injury,productivity,hot gas,valve,[126],1
289,injury,productivity,metal oxide semiconductor,valve,"[187, 129, 139]",3
290,injury,productivity,mro,flight ground lander challenge axis,[5003],1
291,injury,productivity,mro,redundancy,[666],1
292,injury,productivity,mro,valve,[79],1
293,injury,productivity,pfr,valve,"[153, 8]",2
294,injury,productivity,radiance,assumption make,[157],1
295,injury,productivity,radiance,supervision,[623],1
296,injury,productivity,smooth,fitting,[24],1
297,injury,productivity,spacecraft mass property,hardware configuration,[909],1
298,injury,rover,smap,assumption make,[76],1
299,injury,rover,tutorial text spie,assumption make,[188],1
300,injury,xenon tank,circuit breaker,terrain,[673],1
301,injury,xenon tank,fault protection,fire source,[210],1
302,injury,xenon tank,frequency mode shape,assumption make,[985],1
303,injury,xenon tank,frequency mode shape,emergency stop,[235],1
304,injury,xenon tank,microscope objective,assumption make,"[685, 114]",2
305,injury,xenon tank,review formal review,environmental,[35],1
306,injury,xenon tank,vibroacoustic qualification,assumption make,[19],1
307,injury,xenon tank,vibroacoustic qualification,connector,[91],1
308,institutional,productivity,cleaning,assumption make,[1402],1
309,institutional,productivity,cleaning,flight ground lander challenge axis,[1416],1
310,institutional,productivity,cleaning,propulsion,[13801],1
311,internal leakage,productivity,bag purge,fitting,[27],1
312,internal leakage,productivity,demates,manifest,[3763],1
313,internal leakage,productivity,demates,redundancy,[1781],1
314,internal leakage,productivity,pfr,redundancy,[77],1
315,internal leakage,productivity,radiance,valve,[854],1
316,internal leakage,rcm,radiation hardness,propulsion,[351],1
317,internal leakage,rover,tutorial text spie,contractor safety,[2576],1
318,internal leakage,xenon tank,fault protection,short circuit,[417],1
319,internal leakage,xenon tank,microscope objective,data obtain,[543],1
320,inventory,productivity,bag purge,spc,[1199],1
321,inventory,productivity,preventive,assumption make,[3016],1
322,label,brazing,mcbride,procedure cover,[1919],1
323,label,productivity,indicator pressure gauge,hardware configuration,[1355],1
324,label,xenon tank,emerge,nozzle,[466],1
325,launcher assembly,productivity,electronic electrical equipment,redundancy,[1185],1
326,launcher assembly,valve,nessus,redundancy,[42],1
327,logic design,application reliability prefer,corrective action system,trade,[843],1
328,logic design,productivity,bag purge,thread,[71],1
329,logic design,productivity,hot gas,assumption make,[637],1
330,logic design,productivity,metal oxide semiconductor,redundancy,[63],1
331,logic design,xenon tank,review formal review,assumption make,[1617],1
332,long lead item,productivity,indicator pressure gauge,assumption make,[207],1
333,long lead item,rover,tutorial text spie,manifest,[197],1
334,long lead item,xenon tank,microscope objective,radiation,[2916],1
335,long lead item,xenon tank,processing facility high bay,assumption make,[1051],1
336,man,productivity,bag purge,emergency stop,[1388],1
337,man,productivity,bag purge,supervision,[385],1
338,man,productivity,bag purge,valve,[118],1
339,man,productivity,pfr,contamination,[216],1
340,man,productivity,smooth,contamination,[665],1
341,man,xenon tank,solid model simulation,velocity,[336],1
342,management,application reliability prefer,corrective action system,assumption make,"[1596, 1488]",2
343,management,application reliability prefer,corrective action system,flight ground lander challenge axis,[1177],1
344,management,brazing,mcbride,assumption make,"[24502, 7016, 6837, 5044, 1489, 1319, 1128]",7
345,management,brazing,mcbride,data obtain,[2337],1
346,management,brazing,mcbride,flight ground lander challenge axis,[18804],1
347,management,brazing,mcbride,leader,[18801],1
348,management,brazing,mcbride,shop,[5013],1
349,management,brazing,mcbride,technician quality,[1205],1
350,management,brazing,mcbride,thread,[1229],1
351,management,low pressure vendor tanker,eigenvalue,assumption make,[447],1
352,management,orbital replaceable,mishap,assumption make,"[3041, 3516, 1835, 1494]",4
353,management,orbital replaceable,mishap,hardware configuration,[263],1
354,management,orbital replaceable,mishap,radiation,[1916],1
355,management,orbital replaceable,pyro,access panel,[4236],1
356,management,orbital replaceable,pyro,assumption make,"[3636, 5256, 2037, 1832, 936, 911, 229, 270]",8
357,management,orbital replaceable,pyro,battery design,[23701],1
358,management,orbital replaceable,pyro,contractor safety,[1375],1
359,management,orbital replaceable,pyro,fitting,[5876],1
360,management,orbital replaceable,pyro,flight ground lander challenge axis,[920],1
361,management,orbital replaceable,pyro,restraint,[1237],1
362,management,orbital replaceable,pyro,supervision,[6396],1
363,management,orbital replaceable,pyro,traceability,[528],1
364,management,orbital replaceable,pyro,trade,[849],1
365,management,productivity,bag purge,access panel,[863],1
366,management,productivity,bag purge,assumption make,"[22501, 17902, 5736, 11001, 6756, 6996, 4582, 5004, 4958, 5201, 5099, 5197, 5836, 6116, 6056, 4059, 4216, 4196, 5216, 3696, 5156, 4456, 2456, 1849, 1721, 1597, 1423, 1391, 1361, 1349, 1357, 1354, 1294, 1296, 1272, 1239, 1215, 1168, 1134, 1096, 1123, 1084, 1056, 1061, 1059, 1031, 1021, 1022, 914, 856, 606, 588, 474, 425, 327, 96, 52, 245, 273]",59
367,management,productivity,bag purge,clearing,"[5396, 862]",2
368,management,productivity,bag purge,contractor safety,[1368],1
369,management,productivity,bag purge,corporate,[1379],1
370,management,productivity,bag purge,coverage,[5916],1
371,management,productivity,bag purge,emergency stop,"[60, 223]",2
372,management,productivity,bag purge,environmental,[627],1
373,management,productivity,bag purge,failure investigation,[1757],1
374,management,productivity,bag purge,fitting,"[1041, 1034, 525]",3
375,management,productivity,bag purge,flight ground lander challenge axis,[4056],1
376,management,productivity,bag purge,frequently,[1626],1
377,management,productivity,bag purge,hardware configuration,"[1576, 1210, 475]",3
378,management,productivity,bag purge,horizontal,[5496],1
379,management,productivity,bag purge,inspection criterion,[1734],1
380,management,productivity,bag purge,interpret,"[1178, 1107]",2
381,management,productivity,bag purge,lift,"[1089, 92]",2
382,management,productivity,bag purge,manifest,[1225],1
383,management,productivity,bag purge,radiation,[23502],1
384,management,productivity,bag purge,redundancy,"[2736, 742, 88]",3
385,management,productivity,bag purge,restraint,"[1393, 257]",2
386,management,productivity,bag purge,shop,[1260],1
387,management,productivity,bag purge,stress analysis,[267],1
388,management,productivity,bag purge,subsystem,"[5196, 789]",2
389,management,productivity,bag purge,supervision,"[5957, 5879, 1601, 1427, 1198, 1091, 966, 442]",8
390,management,productivity,bag purge,supervisor,"[21803, 14101, 7156, 5936, 5536, 937, 857, 860, 873, 300]",10
391,management,productivity,bag purge,traceability,[1579],1
392,management,productivity,bag purge,training material,[1182],1
393,management,productivity,bag purge,valve,"[1432, 927]",2
394,management,productivity,cleaning,assumption make,"[22601, 6342, 2176, 1807, 1733, 1598, 1712, 1351, 1352, 1196, 897, 900, 888, 743, 638, 578]",16
395,management,productivity,cleaning,flight ground lander challenge axis,"[1246, 1159]",2
396,management,productivity,cleaning,grc,[169],1
397,management,productivity,cleaning,subsystem,[1771],1
398,management,productivity,cleaning,supervision,[546],1
399,management,productivity,cleaning,terrain,[2516],1
400,management,productivity,concurrent engineering team,assumption make,"[3336, 2043, 1098]",3
401,management,productivity,concurrent engineering team,failure investigation,[452],1
402,management,productivity,concurrent engineering team,supervision,[1382],1
403,management,productivity,demates,assumption make,"[28903, 25504, 25503, 25505, 25509, 22502, 17701, 17601, 16303, 10401, 6137, 8701, 6776, 6656, 4977, 5203, 3758, 3698, 3436, 2218, 2050, 2044, 1805, 1778, 1743, 1610, 1518, 1520, 1483, 1404, 1363, 1356, 1298, 1264, 1063, 1016, 921, 916, 859, 786, 597, 484, 426, 411, 424, 391, 310, 377, 383, 375, 378, 278]",52
404,management,productivity,demates,computer,[1152],1
405,management,productivity,demates,connector,[551],1
406,management,productivity,demates,environmental,[262],1
407,management,productivity,demates,extend mission,"[1799, 567, 333]",3
408,management,productivity,demates,fitting,[570],1
409,management,productivity,demates,flight ground lander challenge axis,"[16301, 3339, 3716, 2476, 2041, 1843, 1765, 1484, 1390, 963, 584, 403, 422, 198, 401]",15
410,management,productivity,demates,hardware configuration,[1335],1
411,management,productivity,demates,interpret,[1262],1
412,management,productivity,demates,maturity,[1346],1
413,management,productivity,demates,propulsion,"[964, 572]",2
414,management,productivity,demates,restraint,[1376],1
415,management,productivity,demates,supervision,"[885, 636, 609, 587]",4
416,management,productivity,demates,valve,[420],1
417,management,productivity,disassembly inspection,assumption make,"[28202, 28201, 14001, 14201, 1860, 1997, 1770, 1517, 1308, 1227, 1167, 433]",12
418,management,productivity,disassembly inspection,thread,[1222],1
419,management,productivity,disassembly inspection,valve,[292],1
420,management,productivity,downlinks,assumption make,"[19601, 1279, 1106, 1109]",4
421,management,productivity,downlinks,contamination,[706],1
422,management,productivity,downlinks,design manufacturing,[801],1
423,management,productivity,downlinks,hazardous activity,[1310],1
424,management,productivity,downlinks,propulsion,[1005],1
425,management,productivity,downlinks,subsystem,[710],1
426,management,productivity,electronic electrical equipment,assumption make,"[24501, 4416, 1501, 1228, 1250, 1060, 757]",7
427,management,productivity,electronic electrical equipment,flight ground lander challenge axis,[512],1
428,management,productivity,electronic electrical equipment,hardware configuration,[1127],1
429,management,productivity,electronic electrical equipment,inclusive system,[5656],1
430,management,productivity,electronic electrical equipment,propulsion,[1469],1
431,management,productivity,emittance,assumption make,"[17901, 17001, 15301, 8601, 8401, 5010, 4881, 5776, 3396, 2116, 1478, 479]",12
432,management,productivity,emittance,contamination,"[5636, 366]",2
433,management,productivity,emittance,radiation,[15702],1
434,management,productivity,emittance,supervision,[967],1
435,management,productivity,emittance,valve,[3177],1
436,management,productivity,hot gas,assumption make,"[23801, 5862, 14902, 10001, 6577, 6976, 4579, 4588, 6657, 5200, 5117, 6377, 5163, 3556, 3316, 3496, 2956, 2856, 2316, 2217, 2051, 2016, 2017, 1856, 1780, 1764, 1511, 1490, 1411, 1350, 1343, 1348, 1312, 1293, 1285, 1249, 1195, 1094, 1093, 1062, 961, 968, 899]",43
437,management,productivity,hot gas,failure investigation,[738],1
438,management,productivity,hot gas,flight ground lander challenge axis,"[3377, 1347, 1104, 978]",4
439,management,productivity,hot gas,inspection criterion,[1001],1
440,management,productivity,hot gas,performance issue,[980],1
441,management,productivity,hot gas,supervision,[1112],1
442,management,productivity,hot gas,supervisor,[1192],1
443,management,productivity,hot gas,valve,[54],1
444,management,productivity,indicator pressure gauge,altitude,[501],1
445,management,productivity,indicator pressure gauge,assumption make,"[23901, 4966, 1203, 805, 285]",5
446,management,productivity,indicator pressure gauge,flight ground lander challenge axis,"[4057, 1389, 490]",3
447,management,productivity,indicator pressure gauge,supervision,[1097],1
448,management,productivity,metal oxide semiconductor,assumption make,"[6796, 2336, 1132, 1035, 1017, 944, 932]",7
449,management,productivity,metal oxide semiconductor,contamination,[605],1
450,management,productivity,metal oxide semiconductor,environmental,[2298],1
451,management,productivity,metal oxide semiconductor,failure investigation,"[507, 295]",2
452,management,productivity,metal oxide semiconductor,fire source,[2045],1
453,management,productivity,metal oxide semiconductor,propulsion,[185],1
454,management,productivity,metal oxide semiconductor,radiation,[486],1
455,management,productivity,metal oxide semiconductor,supervision,"[6216, 3116, 1316, 1204]",4
456,management,productivity,metal oxide semiconductor,supervisor,[201],1
457,management,productivity,metal oxide semiconductor,terrain,[22401],1
458,management,productivity,metal oxide semiconductor,valve,[393],1
459,management,productivity,mro,assumption make,"[4581, 6076, 2157, 1054, 945]",5
460,management,productivity,mro,failure investigation,[341],1
461,management,productivity,mro,flight ground lander challenge axis,[309],1
462,management,productivity,mro,hazardous activity,[1275],1
463,management,productivity,pfr,assumption make,"[24006, 17802, 5125, 1353, 1190, 1141, 1039, 1037, 816, 553, 534, 529, 457, 445]",14
464,management,productivity,pfr,clearing,[4976],1
465,management,productivity,pfr,contamination,[3576],1
466,management,productivity,pfr,environmental,[651],1
467,management,productivity,pfr,failure investigation,"[221, 177, 293]",3
468,management,productivity,pfr,flight ground lander challenge axis,"[1244, 1036]",2
469,management,productivity,pfr,hazardous activity,[537],1
470,management,productivity,pfr,inspection criterion,[104],1
471,management,productivity,pfr,manifest,[203],1
472,management,productivity,pfr,nozzle,[1038],1
473,management,productivity,pfr,propulsion,"[6146, 806]",2
474,management,productivity,pfr,redundancy,[684],1
475,management,productivity,pfr,restraint,[1392],1
476,management,productivity,pfr,software engineering,[24503],1
477,management,productivity,pfr,velocity,[925],1
478,management,productivity,preventive,assumption make,"[4217, 1831, 1332, 1213, 1142, 1116, 1120, 1099, 1114, 1118, 1057, 1019, 834, 876, 877, 724, 668, 469, 222]",19
479,management,productivity,preventive,clearing,[195],1
480,management,productivity,preventive,environmental,"[833, 744]",2
481,management,productivity,preventive,fitting,[887],1
482,management,productivity,preventive,flight ground lander challenge axis,"[1367, 1323, 1232, 840, 476]",5
483,management,productivity,preventive,hardware configuration,[1216],1
484,management,productivity,preventive,inspection criterion,[1119],1
485,management,productivity,preventive,redundancy,[1324],1
486,management,productivity,preventive,subsystem,[795],1
487,management,productivity,preventive,supervision,"[1329, 1101]",2
488,management,productivity,preventive,valve,[1383],1
489,management,productivity,preventive,waste container,[2196],1
490,management,productivity,radiance,assumption make,"[18401, 4256, 4658, 1413, 1377, 1385, 1345, 1325, 1253, 1150, 1122, 934, 896, 725, 493, 446, 45, 272]",18
491,management,productivity,radiance,environmental,[1614],1
492,management,productivity,radiance,flight ground lander challenge axis,[4021],1
493,management,productivity,radiance,interpret,[6357],1
494,management,productivity,radiance,manifest,[18601],1
495,management,productivity,radiance,radiation,[1582],1
496,management,productivity,radiance,redundancy,"[5183, 311]",2
497,management,productivity,radiance,subsystem,[566],1
498,management,productivity,radiance,supervision,[635],1
499,management,productivity,radiance,supervisor,"[1600, 290]",2
500,management,productivity,radiance,thread,[17905],1
501,management,productivity,radiance,valve,"[883, 321]",2
502,management,productivity,skycrane,assumption make,[2837],1
503,management,productivity,skycrane,computer,[681],1
504,management,productivity,skycrane,fitting,[441],1
505,management,productivity,skycrane,hardware configuration,[713],1
506,management,productivity,skycrane,trade,[3656],1
507,management,productivity,smooth,assumption make,"[3596, 506]",2
508,management,productivity,spacecraft mass property,assumption make,"[16501, 6256, 2716, 1602, 1591, 1479, 1015, 620, 532, 530, 421, 286]",12
509,management,productivity,spacecraft mass property,flight ground lander challenge axis,"[926, 492]",2
510,management,productivity,spacecraft mass property,manifest,[26703],1
511,management,productivity,spacecraft mass property,performance issue,[1395],1
512,management,productivity,spacecraft mass property,redundancy management,[705],1
513,management,productivity,spacecraft mass property,restraint,[1206],1
514,management,provide adequate clearance,faraday cage,assumption make,"[14701, 10801, 438]",3
515,management,provide adequate clearance,faraday cage,maturity,[527],1
516,management,rcm,foreign object,assumption make,"[7217, 7216, 6356, 1288, 371]",5
517,management,rcm,foreign object,battery design,[581],1
518,management,rcm,foreign object,flight ground lander challenge axis,"[3157, 1370]",2
519,management,rcm,foreign object,inspection criterion,[230],1
520,management,rcm,foreign object,trade,[820],1
521,management,rcm,radiation hardness,assumption make,"[25701, 1491, 1493, 1492, 960, 829, 334, 213, 196]",9
522,management,rcm,radiation hardness,computer,[819],1
523,management,rcm,radiation hardness,contamination,[149],1
524,management,rcm,radiation hardness,flight ground lander challenge axis,"[1624, 1502, 827, 700]",4
525,management,rcm,radiation hardness,redundancy,[842],1
526,management,rcm,radiation hardness,subsystem,[1276],1
527,management,rcm,radiation hardness,supervision,[1623],1
528,management,rcm,radiation hardness,traceability,[902],1
529,management,rover,error detection correction,assumption make,"[6636, 3558, 1487]",3
530,management,rover,hill book,assumption make,"[21301, 1278]",2
531,management,rover,hill book,fitting,[5479],1
532,management,rover,hill book,hardware configuration,[5476],1
533,management,rover,hill book,leader,[515],1
534,management,rover,hill book,propulsion,[1006],1
535,management,rover,north side,assumption make,[928],1
536,management,rover,smap,assumption make,"[4584, 4417, 1759, 1240, 931, 733]",6
537,management,rover,smap,failure investigation,[502],1
538,management,rover,smap,flight ground lander challenge axis,[4596],1
539,management,rover,smap,inspection criterion,[3202],1
540,management,rover,smap,interpret,[192],1
541,management,rover,smap,terrain,[194],1
542,management,rover,tutorial text spie,assumption make,"[17903, 7096, 3676, 2838, 1797, 1777, 1615, 1486, 1299, 1224, 1153, 1048, 1010, 918, 648, 364]",16
543,management,rover,tutorial text spie,design manufacturing,[6816],1
544,management,rover,tutorial text spie,flight ground lander challenge axis,"[1758, 1625]",2
545,management,rover,tutorial text spie,interpret,[523],1
546,management,rover,tutorial text spie,subsystem,[657],1
547,management,rover,tutorial text spie,supervisor,"[994, 240]",2
548,management,rover,tutorial text spie,thread,[2256],1
549,management,valve,arrhenius,assumption make,"[18802, 1274, 1242, 1111]",4
550,management,valve,arrhenius,flight ground lander challenge axis,"[1709, 841]",2
551,management,valve,arrhenius,supervision,[382],1
552,management,valve,nessus,assumption make,"[1219, 625, 595]",3
553,management,valve,nessus,redundancy,[317],1
554,management,xenon tank,circuit breaker,assumption make,"[26303, 5006, 6758, 1575, 1532, 1207, 622, 569, 538]",9
555,management,xenon tank,circuit breaker,extend mission,[1277],1
556,management,xenon tank,circuit breaker,failure investigation,[791],1
557,management,xenon tank,circuit breaker,hardware configuration,[1839],1
558,management,xenon tank,circuit breaker,manifest,[6196],1
559,management,xenon tank,circuit breaker,redundancy,[1327],1
560,management,xenon tank,circuit breaker,subsystem,[780],1
561,management,xenon tank,circuit breaker,supervisor,[326],1
562,management,xenon tank,emerge,assumption make,"[6536, 1125, 689]",3
563,management,xenon tank,emerge,failure investigation,[6616],1
564,management,xenon tank,fault protection,assumption make,"[10302, 4896, 5199, 2276, 1862, 1859, 1711, 1529, 924, 407, 387, 350, 381, 388, 396, 308, 395, 373, 277]",19
565,management,xenon tank,fault protection,computer,[1863],1
566,management,xenon tank,fault protection,connector,[470],1
567,management,xenon tank,fault protection,data obtain,[398],1
568,management,xenon tank,fault protection,environmental,[416],1
569,management,xenon tank,fault protection,failure investigation,[268],1
570,management,xenon tank,fault protection,flight ground lander challenge axis,"[2156, 1306, 769, 607, 414, 212]",6
571,management,xenon tank,fault protection,manifest,[346],1
572,management,xenon tank,fault protection,performance issue,[1861],1
573,management,xenon tank,fault protection,propulsion,[6358],1
574,management,xenon tank,fault protection,redundancy,"[878, 253]",2
575,management,xenon tank,fault protection,short circuit,[404],1
576,management,xenon tank,fault protection,signal path,[28101],1
577,management,xenon tank,fault protection,subsystem,"[848, 586, 412, 419]",4
578,management,xenon tank,fault protection,supervision,"[18503, 8501, 2917, 828, 427, 287]",6
579,management,xenon tank,fault protection,velocity,"[410, 418]",2
580,management,xenon tank,frequency mode shape,assumption make,"[5205, 1513, 1328, 1009, 986, 723, 601, 521, 495, 340, 1]",11
581,management,xenon tank,frequency mode shape,battery design,[25602],1
582,management,xenon tank,frequency mode shape,emergency stop,[869],1
583,management,xenon tank,frequency mode shape,flight ground lander challenge axis,"[1599, 1027, 999]",3
584,management,xenon tank,frequency mode shape,frequently,[477],1
585,management,xenon tank,frequency mode shape,subsystem,[592],1
586,management,xenon tank,frequency mode shape,supervision,[494],1
587,management,xenon tank,frequency mode shape,supervisor,"[1779, 1365]",2
588,management,xenon tank,microscope objective,assumption make,"[3757, 3640, 1514, 1243, 1211, 1194, 1095, 825]",8
589,management,xenon tank,microscope objective,connector,[1917],1
590,management,xenon tank,microscope objective,design manufacturing,[680],1
591,management,xenon tank,microscope objective,environmental,[654],1
592,management,xenon tank,microscope objective,esd,"[1371, 1317, 1315]",3
593,management,xenon tank,microscope objective,flight ground lander challenge axis,"[1151, 826, 397]",3
594,management,xenon tank,microscope objective,proactively,"[4936, 602]",2
595,management,xenon tank,microscope objective,propulsion,[1465],1
596,management,xenon tank,microscope objective,subsystem,[767],1
597,management,xenon tank,microscope objective,supervision,"[6757, 858]",2
598,management,xenon tank,probability occurrence failure,assumption make,"[1795, 1593, 604, 556]",4
599,management,xenon tank,probability occurrence failure,performance issue,[1290],1
600,management,xenon tank,processing facility high bay,assumption make,[1130],1
601,management,xenon tank,review formal review,assumption make,"[3277, 3338, 1619, 1336, 1149, 175, 199, 370]",8
602,management,xenon tank,review formal review,design manufacturing,[832],1
603,management,xenon tank,review formal review,environmental,[836],1
604,management,xenon tank,review formal review,subsystem,[392],1
605,management,xenon tank,review formal review,supervisor,[1719],1
606,management,xenon tank,solid model simulation,assumption make,"[1606, 1160, 688]",3
607,management,xenon tank,solid model simulation,supervision,[844],1
608,management,xenon tank,variable polarity plasma arc,assumption make,"[2297, 2158, 1604, 1594, 1592, 1500, 508, 332]",8
609,management,xenon tank,variable polarity plasma arc,battery design,[2876],1
610,management,xenon tank,variable polarity plasma arc,failure investigation,[882],1
611,management,xenon tank,variable polarity plasma arc,flight ground lander challenge axis,"[3759, 1595]",2
612,management,xenon tank,vibroacoustic qualification,assumption make,"[14801, 9001, 4016, 1879, 1840, 1801, 1398, 907, 790]",9
613,management,xenon tank,vibroacoustic qualification,contamination,"[6716, 992]",2
614,management,xenon tank,vibroacoustic qualification,contractor safety,[1374],1
615,management,xenon tank,vibroacoustic qualification,design manufacturing,[2057],1
616,management,xenon tank,vibroacoustic qualification,environmental,[2038],1
617,management,xenon tank,vibroacoustic qualification,flight ground lander challenge axis,[837],1
618,management,xenon tank,vibroacoustic qualification,outgassing,[1858],1
619,management,xenon tank,vibroacoustic qualification,radiation,[8403],1
620,maneuver,productivity,cleaning,velocity,[27901],1
621,maneuver,productivity,demates,flight ground lander challenge axis,[979],1
622,maneuver,productivity,disassembly inspection,valve,[249],1
623,maneuver,rover,hill book,valve,[128],1
624,mass spectrometer,productivity,metal oxide semiconductor,thread,[1217],1
625,mass spectrometer,productivity,pfr,flight ground lander challenge axis,[224],1
626,mass spectrometer,productivity,preventive,valve,"[4218, 150]",2
627,mass spectrometer,rover,smap,nozzle,[6036],1
628,mass spectrometer,xenon tank,frequency mode shape,contamination,[562],1
629,mib,orbital replaceable,pyro,assumption make,[1441],1
630,mib,productivity,bag purge,leader,[1085],1
631,military,productivity,demates,environmental,"[1581, 1739]",2
632,military,productivity,radiance,stress analysis,[51],1
633,military,productivity,spacecraft mass property,stress analysis,[299],1
634,minute,productivity,bag purge,assumption make,[1000],1
635,minute,productivity,cleaning,structural integrity,[915],1
636,minute,productivity,demates,assumption make,[8302],1
637,navigation,productivity,demates,assumption make,[641],1
638,navigation,productivity,downlinks,inspection criterion,[2356],1
639,opf bay,brazing,mcbride,assumption make,[8018],1
640,opf bay,brazing,mcbride,lift,[85],1
641,opf bay,productivity,bag purge,assumption make,"[4058, 1183, 745]",3
642,opf bay,productivity,bag purge,hazardous activity,[1732],1
643,opf bay,productivity,bag purge,inspection criterion,[108],1
644,opf bay,productivity,bag purge,propulsion,[965],1
645,opf bay,productivity,bag purge,valve,"[244, 251]",2
646,opf bay,productivity,cleaning,contamination,[1766],1
647,opf bay,productivity,cleaning,horizontal,[1184],1
648,opf bay,productivity,cleaning,traceability,[49],1
649,opf bay,productivity,cleaning,valve,[1534],1
650,opf bay,productivity,concurrent engineering team,emergency stop,[111],1
651,opf bay,productivity,concurrent engineering team,grc,[1334],1
652,opf bay,productivity,demates,grc,[558],1
653,opf bay,productivity,demates,trade,[650],1
654,opf bay,productivity,demates,valve,"[6149, 38]",2
655,opf bay,productivity,disassembly inspection,supervision,[189],1
656,opf bay,productivity,disassembly inspection,valve,[226],1
657,opf bay,productivity,emittance,failure investigation,[467],1
658,opf bay,productivity,emittance,valve,"[1428, 66]",2
659,opf bay,productivity,metal oxide semiconductor,assumption make,[6142],1
660,opf bay,productivity,pfr,assumption make,"[1340, 750]",2
661,opf bay,productivity,pfr,valve,"[591, 26, 34]",3
662,opf bay,productivity,pfr,waste container,[248],1
663,opf bay,productivity,preventive,assumption make,[1117],1
664,opf bay,productivity,radiance,assumption make,[136],1
665,opf bay,productivity,radiance,redundancy,[47],1
666,opf bay,productivity,smooth,valve,[39],1
667,opf bay,productivity,spacecraft mass property,assumption make,[209],1
668,opf bay,rover,error detection correction,fitting,[117],1
669,opf bay,rover,tutorial text spie,assumption make,[5477],1
670,opf bay,xenon tank,fault protection,fitting,[456],1
671,opf bay,xenon tank,fault protection,horizontal,[41],1
672,opf bay,xenon tank,microscope objective,assumption make,[880],1
673,opf bay,xenon tank,microscope objective,flight ground lander challenge axis,[3761],1
674,orbiter processing facility,productivity,bag purge,contamination,[62],1
675,orbiter processing facility,productivity,bag purge,emergency stop,"[174, 64]",2
676,orbiter processing facility,productivity,bag purge,payload bay,[170],1
677,orbiter processing facility,productivity,bag purge,shop,[160],1
678,orbiter processing facility,productivity,bag purge,supervision,[923],1
679,orbiter processing facility,productivity,bag purge,thread,[67],1
680,orbiter processing facility,productivity,metal oxide semiconductor,lift,[576],1
681,orbiter processing facility,productivity,pfr,valve,[184],1
682,orbiter processing facility,xenon tank,fault protection,assumption make,[1796],1
683,orbiter processing facility,xenon tank,fault protection,redundancy,[186],1
684,orbiter processing facility,xenon tank,review formal review,redundancy management,[182],1
685,paper,productivity,bag purge,payload bay,[1200],1
686,paper,productivity,mro,supervision,[458],1
687,paper,xenon tank,fault protection,inspection criterion,[1718],1
688,paper,xenon tank,review formal review,technician quality,[988],1
689,part,brazing,mcbride,interpret,[610],1
690,part,brazing,mcbride,supervision,[465],1
691,part,low pressure vendor tanker,eigenvalue,contamination,[755],1
692,part,low pressure vendor tanker,eigenvalue,environmental,[823],1
693,part,low pressure vendor tanker,eigenvalue,subsystem,[793],1
694,part,orbital replaceable,pyro,contamination,[845],1
695,part,orbital replaceable,pyro,payload bay,[165],1
696,part,orbital replaceable,pyro,trade,[2616],1
697,part,orbital replaceable,pyro,valve,[847],1
698,part,productivity,bag purge,assumption make,"[5057, 818, 649]",3
699,part,productivity,bag purge,bend,[261],1
700,part,productivity,bag purge,contamination,[9],1
701,part,productivity,bag purge,contractor safety,[1186],1
702,part,productivity,bag purge,engineering manufacturing,[930],1
703,part,productivity,bag purge,flight ground lander challenge axis,"[6148, 353]",2
704,part,productivity,bag purge,hardware configuration,[231],1
705,part,productivity,bag purge,inspection criterion,[565],1
706,part,productivity,bag purge,lift,[115],1
707,part,productivity,bag purge,manifest,[656],1
708,part,productivity,bag purge,procedure cover,[33],1
709,part,productivity,bag purge,propulsion,[109],1
710,part,productivity,bag purge,redundancy,[14],1
711,part,productivity,bag purge,subsystem,[646],1
712,part,productivity,bag purge,supervision,[171],1
713,part,productivity,bag purge,supervisor,[3],1
714,part,productivity,bag purge,trade,[762],1
715,part,productivity,bag purge,valve,"[855, 131, 250, 13]",4
716,part,productivity,cleaning,assumption make,[21601],1
717,part,productivity,cleaning,inspection criterion,[18502],1
718,part,productivity,concurrent engineering team,flight ground lander challenge axis,[376],1
719,part,productivity,concurrent engineering team,stress analysis,[1512],1
720,part,productivity,concurrent engineering team,valve,[147],1
721,part,productivity,demates,assumption make,"[1519, 1485, 1108, 358, 279]",5
722,part,productivity,demates,clearing,[10701],1
723,part,productivity,demates,contamination,[206],1
724,part,productivity,demates,environmental,[1713],1
725,part,productivity,demates,extend mission,[343],1
726,part,productivity,demates,flight ground lander challenge axis,"[1480, 423, 259]",3
727,part,productivity,demates,redundancy,[707],1
728,part,productivity,demates,redundancy management,[256],1
729,part,productivity,demates,stress analysis,[1804],1
730,part,productivity,demates,supervision,[25],1
731,part,productivity,disassembly inspection,assumption make,"[1189, 1068, 675, 399]",4
732,part,productivity,disassembly inspection,contamination,[712],1
733,part,productivity,disassembly inspection,inspection criterion,[315],1
734,part,productivity,disassembly inspection,outgassing,[241],1
735,part,productivity,disassembly inspection,propulsion,[962],1
736,part,productivity,disassembly inspection,structural integrity,[22003],1
737,part,productivity,disassembly inspection,subsystem,[728],1
738,part,productivity,disassembly inspection,valve,[990],1
739,part,productivity,downlinks,contamination,"[811, 711]",2
740,part,productivity,downlinks,esd,[760],1
741,part,productivity,downlinks,flight ground lander challenge axis,[671],1
742,part,productivity,emittance,assumption make,"[4618, 1023, 748]",3
743,part,productivity,emittance,extend mission,[1208],1
744,part,productivity,emittance,flight ground lander challenge axis,[640],1
745,part,productivity,hot gas,assumption make,[1012],1
746,part,productivity,hot gas,flight ground lander challenge axis,[5061],1
747,part,productivity,hot gas,inspection criterion,[891],1
748,part,productivity,metal oxide semiconductor,assumption make,[942],1
749,part,productivity,metal oxide semiconductor,failure investigation,[10],1
750,part,productivity,metal oxide semiconductor,manufacture,[1360],1
751,part,productivity,metal oxide semiconductor,subsystem,[726],1
752,part,productivity,pfr,assumption make,"[8017, 6144, 1113, 1040, 734, 686]",6
753,part,productivity,pfr,contamination,[890],1
754,part,productivity,pfr,design manufacturing,[735],1
755,part,productivity,pfr,emergency stop,[151],1
756,part,productivity,pfr,environmental,[683],1
757,part,productivity,pfr,inspection criterion,"[215, 266]",2
758,part,productivity,pfr,nozzle,[674],1
759,part,productivity,pfr,stress analysis,[809],1
760,part,productivity,pfr,valve,[6150],1
761,part,productivity,preventive,design manufacturing,[554],1
762,part,productivity,preventive,inspection criterion,[835],1
763,part,productivity,preventive,restraint,[555],1
764,part,productivity,preventive,valve,[12],1
765,part,productivity,radiance,assumption make,[372],1
766,part,productivity,radiance,flight ground lander challenge axis,[354],1
767,part,productivity,radiance,inspection criterion,[232],1
768,part,productivity,radiance,manifest,[271],1
769,part,productivity,radiance,redundancy,[360],1
770,part,productivity,radiance,supervision,[16],1
771,part,productivity,smooth,redundancy,[879],1
772,part,productivity,smooth,valve,[1430],1
773,part,productivity,spacecraft mass property,computer,[687],1
774,part,productivity,spacecraft mass property,flight ground lander challenge axis,"[922, 810, 356]",3
775,part,productivity,spacecraft mass property,hardware configuration,[716],1
776,part,productivity,spacecraft mass property,redundancy,[679],1
777,part,provide adequate clearance,faraday cage,failure investigation,[846],1
778,part,provide adequate clearance,faraday cage,radiation,[676],1
779,part,provide adequate clearance,faraday cage,redundancy,[27701],1
780,part,rcm,foreign object,inspection criterion,[113],1
781,part,rcm,radiation hardness,computer,[699],1
782,part,rcm,radiation hardness,flight ground lander challenge axis,"[815, 696]",2
783,part,rcm,radiation hardness,radiation,[782],1
784,part,rover,smap,assumption make,"[691, 18]",2
785,part,rover,tutorial text spie,assumption make,"[3260, 1727, 761]",3
786,part,rover,tutorial text spie,flight ground lander challenge axis,"[3297, 342]",2
787,part,rover,tutorial text spie,redundancy,[1760],1
788,part,rover,tutorial text spie,supervision,[20],1
789,part,rover,tutorial text spie,valve,[11],1
790,part,valve,nessus,assumption make,[756],1
791,part,valve,nessus,supervisor,[5756],1
792,part,xenon tank,circuit breaker,altitude,[822],1
793,part,xenon tank,circuit breaker,assumption make,[1212],1
794,part,xenon tank,circuit breaker,manifest,"[25801, 779, 775]",3
795,part,xenon tank,circuit breaker,subsystem,"[894, 787, 652]",3
796,part,xenon tank,circuit breaker,supervision,[1258],1
797,part,xenon tank,emerge,assumption make,[3641],1
798,part,xenon tank,emerge,design manufacturing,"[682, 669]",2
799,part,xenon tank,emerge,trade,[839],1
800,part,xenon tank,fault protection,assumption make,"[1202, 798, 678, 660, 659, 296, 284, 365]",8
801,part,xenon tank,fault protection,contamination,[853],1
802,part,xenon tank,fault protection,environmental,[389],1
803,part,xenon tank,fault protection,failure investigation,[402],1
804,part,xenon tank,fault protection,flight ground lander challenge axis,"[783, 768, 731, 703, 362, 275]",6
805,part,xenon tank,fault protection,leader,[1273],1
806,part,xenon tank,fault protection,radiation,"[771, 603]",2
807,part,xenon tank,fault protection,short circuit,[435],1
808,part,xenon tank,fault protection,stress analysis,[794],1
809,part,xenon tank,fault protection,subsystem,[363],1
810,part,xenon tank,fault protection,supervision,"[1803, 374]",2
811,part,xenon tank,frequency mode shape,assumption make,[758],1
812,part,xenon tank,frequency mode shape,contamination,"[736, 337]",2
813,part,xenon tank,frequency mode shape,inspection criterion,[462],1
814,part,xenon tank,frequency mode shape,radiation,[547],1
815,part,xenon tank,frequency mode shape,subsystem,[662],1
816,part,xenon tank,frequency mode shape,velocity,"[830, 335]",2
817,part,xenon tank,microscope objective,environmental,"[802, 694]",2
818,part,xenon tank,microscope objective,esd,"[1330, 796, 788, 797, 732, 708, 328]",7
819,part,xenon tank,microscope objective,inspection criterion,[132],1
820,part,xenon tank,microscope objective,outgassing,[800],1
821,part,xenon tank,microscope objective,redundancy,[1162],1
822,part,xenon tank,microscope objective,short circuit,[2496],1
823,part,xenon tank,microscope objective,stress analysis,[799],1
824,part,xenon tank,microscope objective,subsystem,"[813, 729, 653]",3
825,part,xenon tank,microscope objective,supervision,[1201],1
826,part,xenon tank,microscope objective,supervisor,[12401],1
827,part,xenon tank,microscope objective,traceability,"[704, 644]",2
828,part,xenon tank,probability occurrence failure,assumption make,[384],1
829,part,xenon tank,probability occurrence failure,radiation,[824],1
830,part,xenon tank,probability occurrence failure,redundancy,[661],1
831,part,xenon tank,processing facility high bay,bend,[23201],1
832,part,xenon tank,processing facility high bay,radiation,[19501],1
833,part,xenon tank,processing facility high bay,short circuit,[1188],1
834,part,xenon tank,review formal review,assumption make,"[4036, 202, 48]",3
835,part,xenon tank,review formal review,failure investigation,[200],1
836,part,xenon tank,review formal review,fire source,[448],1
837,part,xenon tank,solid model simulation,contamination,[698],1
838,part,xenon tank,solid model simulation,redundancy,[870],1
839,part,xenon tank,variable polarity plasma arc,assumption make,[1133],1
840,part,xenon tank,variable polarity plasma arc,flight ground lander challenge axis,[753],1
841,part,xenon tank,variable polarity plasma arc,leader,[514],1
842,part,xenon tank,variable polarity plasma arc,subsystem,[2036],1
843,part,xenon tank,variable polarity plasma arc,thread,[478],1
844,part,xenon tank,variable polarity plasma arc,trade,[751],1
845,part,xenon tank,vibroacoustic qualification,assumption make,"[722, 814, 778, 313, 352]",5
846,part,xenon tank,vibroacoustic qualification,computer,[645],1
847,part,xenon tank,vibroacoustic qualification,connector,[850],1
848,part,xenon tank,vibroacoustic qualification,contamination,[670],1
849,part,xenon tank,vibroacoustic qualification,environmental,"[804, 754]",2
850,part,xenon tank,vibroacoustic qualification,flight ground lander challenge axis,[727],1
851,part,xenon tank,vibroacoustic qualification,radiation,[4176],1
852,part,xenon tank,vibroacoustic qualification,trade,[821],1
853,primary cause incident,productivity,demates,assumption make,[1254],1
854,primary cause incident,productivity,radiance,assumption make,[24403],1
855,primary cause incident,rover,hill book,assumption make,[1090],1
856,primary cause incident,xenon tank,vibroacoustic qualification,supervision,[1157],1
857,prior final,low pressure vendor tanker,eigenvalue,supervision,[1209],1
858,prior final,orbital replaceable,mishap,supervision,[516],1
859,prior final,orbital replaceable,pyro,supervisor,[324],1
860,prior final,productivity,bag purge,coverage,[1364],1
861,prior final,productivity,bag purge,lift,[1996],1
862,prior final,productivity,bag purge,supervision,"[5877, 1032]",2
863,prior final,productivity,demates,assumption make,[274],1
864,prior final,productivity,downlinks,assumption make,[18901],1
865,prior final,productivity,metal oxide semiconductor,supervision,[1725],1
866,prior final,productivity,metal oxide semiconductor,terrain,[255],1
867,prior final,productivity,mro,waste container,[1259],1
868,prior final,productivity,spacecraft mass property,environmental,[16901],1
869,prior final,rover,error detection correction,subsystem,[1018],1
870,prior final,rover,tutorial text spie,flight ground lander challenge axis,[6],1
871,prior final,xenon tank,emerge,hardware configuration,[443],1
872,production lot,xenon tank,fault protection,traceability,[982],1
873,radiation,productivity,emittance,clearing,"[1687, 639]",2
874,radiation,xenon tank,probability occurrence failure,radiation,[792],1
875,realistic,productivity,metal oxide semiconductor,assumption make,[2816],1
876,realistic,rover,smap,shop,[614],1
877,reverse bias,rover,hill book,inspection criterion,[3697],1
878,reverse bias,rover,smap,assumption make,[80],1
879,reverse bias,xenon tank,fault protection,stress analysis,[981],1
880,smoke,orbital replaceable,mishap,short circuit,[9501],1
881,smoke,productivity,bag purge,contractor safety,[5456],1
882,smoke,productivity,bag purge,procedure cover,[1369],1
883,smoke,productivity,radiance,contractor safety,[5437],1
884,software image,productivity,disassembly inspection,flight ground lander challenge axis,[895],1
885,software image,xenon tank,circuit breaker,assumption make,[18803],1
886,spacecraft status,productivity,demates,assumption make,"[11201, 400]",2
887,spacecraft status,productivity,demates,extend mission,"[1521, 1415, 405]",3
888,spacecraft status,productivity,demates,flight ground lander challenge axis,"[8402, 345]",2
889,spacecraft status,productivity,demates,manifest,[307],1
890,spacecraft status,productivity,demates,redundancy,"[772, 409]",2
891,spacecraft status,productivity,hot gas,extend mission,[5188],1
892,spacecraft status,productivity,preventive,flight ground lander challenge axis,[1307],1
893,spacecraft status,xenon tank,fault protection,assumption make,"[1531, 432]",2
894,spacecraft status,xenon tank,fault protection,flight ground lander challenge axis,[367],1
895,spacecraft status,xenon tank,fault protection,trade,[276],1
896,spacecraft status,xenon tank,microscope objective,environmental,[777],1
897,spacecraft status,xenon tank,review formal review,assumption make,[1148],1
898,sting deflect downward deflection decrease angle attack,productivity,demates,assumption make,"[1266, 1261]",2
899,sting deflect downward deflection decrease angle attack,productivity,demates,emergency stop,[1265],1
900,sting deflect downward deflection decrease angle attack,productivity,demates,interpret,[1263],1
901,sting deflect downward deflection decrease angle attack,xenon tank,review formal review,valve,[89],1
902,table,productivity,disassembly inspection,thread,[663],1
903,table,productivity,smooth,assumption make,[20201],1
904,table,xenon tank,fault protection,assumption make,[434],1
905,technician quality,low pressure vendor tanker,eigenvalue,assumption make,[575],1
906,technician quality,rover,tutorial text spie,valve,[3557],1
907,transmitter,productivity,bag purge,short circuit,[1609],1
908,transmitter,productivity,disassembly inspection,assumption make,[1267],1
909,transmitter,xenon tank,fault protection,flight ground lander challenge axis,[1533],1
910,transmitter,xenon tank,fault protection,redundancy management,[415],1
911,transmitter,xenon tank,fault protection,structural integrity,[1878],1
912,transmitter,xenon tank,variable polarity plasma arc,nozzle,[715],1
913,unintended,productivity,disassembly inspection,thread,[1426],1
914,unintended,xenon tank,fault protection,design manufacturing,[460],1
915,use vendor,application reliability prefer,corrective action system,contractor safety,[83],1
916,use vendor,productivity,downlinks,contamination,[526],1
917,use vendor,productivity,downlinks,flight ground lander challenge axis,[702],1
918,use vendor,provide adequate clearance,faraday cage,failure investigation,[520],1
919,use vendor,rover,smap,flight ground lander challenge axis,[628],1
920,use vendor,xenon tank,fault protection,emergency stop,[1226],1
921,valve open,brazing,mcbride,hazardous activity,[1069],1
922,valve open,productivity,bag purge,contamination,[103],1
923,valve open,productivity,bag purge,flight ground lander challenge axis,[158],1
924,valve open,productivity,bag purge,valve,"[3221, 163, 156, 98, 56, 23, 237]",7
925,valve open,productivity,cleaning,supervision,[1622],1
926,valve open,productivity,demates,supervision,[94],1
927,valve open,productivity,demates,valve,"[4477, 102]",2
928,valve open,productivity,disassembly inspection,emergency stop,[55],1
929,valve open,productivity,disassembly inspection,flight ground lander challenge axis,[72],1
930,valve open,productivity,emittance,valve,[298],1
931,valve open,productivity,hot gas,assumption make,[264],1
932,valve open,productivity,metal oxide semiconductor,failure investigation,[517],1
933,valve open,productivity,metal oxide semiconductor,supervision,[454],1
934,valve open,productivity,mro,supervisor,[8016],1
935,valve open,productivity,pfr,environmental,[752],1
936,valve open,productivity,pfr,radiation,[217],1
937,valve open,productivity,pfr,valve,[4476],1
938,valve open,productivity,radiance,valve,[148],1
939,valve open,productivity,spacecraft mass property,supervisor,[162],1
940,valve open,productivity,spacecraft mass property,valve,[571],1
941,valve open,xenon tank,probability occurrence failure,shop,[322],1
942,valve open,xenon tank,review formal review,structural integrity,[330],1
943,valve open,xenon tank,vibroacoustic qualification,redundancy,[172],1
944,vapor pressure,productivity,bag purge,assumption make,[1100],1
945,vapor pressure,productivity,bag purge,contractor safety,[2056],1
946,vapor pressure,productivity,radiance,contamination,[518],1
947,waiver,productivity,demates,extend mission,[369],1
948,wear,productivity,bag purge,contamination,[43],1
949,wear,productivity,demates,thread,[22],1
950,wear,productivity,spacecraft mass property,fitting,[154],1
951,wear,provide adequate clearance,faraday cage,contamination,[439],1
952,wear,xenon tank,frequency mode shape,connector,[444],1
953,wear,xenon tank,microscope objective,esd,[773],1
954,wear,xenon tank,probability occurrence failure,assumption make,[269],1
955,winch,productivity,bag purge,assumption make,[1143],1
956,winch,productivity,bag purge,redundancy,[589],1
957,winch,xenon tank,fault protection,flight ground lander challenge axis,[1530],1